Workbook

Sheet プロダクトバックログ
A1: BreatheEasy ｜ プロダクトバックログ
A2: 株式会社BreatheEasy プロダクトオーナー管理 ※完了済み＝スプリント1〜12でリリース／将来＝PO検討中（優先順位順）
A4: ID | B4: ユーザーストーリー | C4: 見積り（SP） | D4: 完了スプリント | E4: 状態
A5: ■ 完了済みアイテム（リリース済み）
A6: C01 | B6: 初心者として、アプリを開いてすぐに短いガイド付き呼吸セッションを始めたい。なぜなら、難しい設定なしにすぐ効果を体験したいから。 | C6: 8 | D6: 1 | E6: 完了
A7: C02 | B7: 忙しい会社員として、3分・5分・10分から時間を選んでセッションを始めたい。なぜなら、スキマ時間に合わせて続けたいから。 | C7: 5 | D7: 1 | E7: 完了
A8: C03 | B8: ユーザーとして、セッション中に画面のアニメーションと音声ガイドで呼吸のリズムを示してほしい。なぜなら、目と耳の両方でペースを掴みたいから。 | C8: 8 | D8: 2 | E8: 完了
A9: C04 | B9: 眠れない人として、就寝前に使える睡眠用サウンドと呼吸セッションが欲しい。なぜなら、リラックスして入眠したいから。 | C9: 5 | D9: 2 | E9: 完了
A10: C05 | B10: ユーザーとして、メールまたはSNSでアカウントを作成してログインしたい。なぜなら、機種変更後もデータを引き継ぎたいから。 | C10: 5 | D10: 3 | E10: 完了
A11: C06 | B11: 継続したいユーザーとして、毎日の実施状況をカレンダーと連続日数（ストリーク）で見たい。なぜなら、続けるモチベーションにしたいから。 | C11: 8 | D11: 3 | E11: 完了
A12: C07 | B12: ユーザーとして、セッション完了後に簡単な気分チェックイン（5段階）を記録したい。なぜなら、自分の状態の変化を振り返りたいから。 | C12: 3 | D12: 4 | E12: 完了
A13: C08 | B13: プロダクトオーナーとして、利用データ（起動・完了・離脱）を分析基盤に送信したい。なぜなら、改善の意思決定をデータで行いたいから。 | C13: 5 | D13: 4 | E13: 完了
A14: C09 | B14: ユーザーとして、目的別（ストレス緩和・集中・睡眠）にプログラムを選びたい。なぜなら、その時の悩みに合ったセッションをしたいから。 | C14: 8 | D14: 5 | E14: 完了
A15: C10 | B15: ユーザーとして、毎日決まった時間にリマインダー通知を受け取りたい。なぜなら、習慣として忘れず続けたいから。 | C15: 5 | D15: 5 | E15: 完了
A16: C11 | B16: 初心者として、最初の7日間のオンボーディング・プログラムに沿って進めたい。なぜなら、何をすればいいか迷わず習慣化したいから。 | C16: 8 | D16: 6 | E16: 完了
A17: C12 | B17: ユーザーとして、新しい呼吸セッションが毎週追加されるようにしてほしい。なぜなら、飽きずに続けたいから。 | C17: 8 | D17: 7 | E17: 完了
... A27: C22 | B27: マーケティング担当として、友だち紹介キャンペーンの仕組みが欲しい。なぜなら、口コミで新規ユーザーを増やしたいから。 | C27: 5 | D27: 12 | E27: 完了
B28: 完了ポイント合計 | C28: =SUM(C6:C27) -> 141
A30: ■ 将来アイテム（プロダクトオーナー検討中・未着手）
A31: F01 | B31: 解約を検討しているユーザーとして、離脱しそうなタイミングでパーソナライズされたおすすめを受け取りたい。なぜなら、自分に合う体験に出会えれば続けたいから。 | C31: 8 | E31: 未着手
A32: F02 | B32: プレミアムユーザーとして、AIが私の記録と気分に合わせて毎日のプログラムを自動で組んでほしい。なぜなら、毎回自分で選ぶ負担なく続けたいから。 | C32: 13 | E32: 未着手
A33: F03 | B33: ユーザーとして、ダウンロード済みセッションをオフラインで再生したい。なぜなら、通勤中や電波の弱い場所でも使いたいから。 | C33: 8 | E33: 未着手
A34: F04 | B34: 価格に敏感なユーザーとして、割安な年額プランを選びたい。なぜなら、続ける前提でお得に使いたいから。 | C34: 3 | E34: 未着手
A35: F05 | B35: ユーザーとして、Apple Watch / Wear OS で呼吸セッションを行いたい。なぜなら、スマホを出さずに手軽に実践したいから。 | C35: 13 | E35: 未着手
A36: F06 | B36: ユーザーとして、心拍数と連動して呼吸ペースを調整してほしい。なぜなら、その時の状態に最適なセッションにしたいから。 | C36: 13 | E36: 未着手
A37: F07 | B37: 継続したいユーザーとして、友だちやコミュニティと一緒にチャレンジに参加したい。なぜなら、仲間がいると続けやすいから。 | C37: 8 | E37: 未着手
A38: F08 | B38: ユーザーとして、セッションの音声を好みのナレーター・講師の声で選びたい。なぜなら、心地よい声だと続けたいから。 | C38: 8 | E38: 未着手
A39: F09 | B39: ユーザーとして、日本語以外の言語（英語）でもアプリを使いたい。なぜなら、家族や外国人の同僚にも勧めたいから。 | C39: 8 | E39: 未着手
A40: F10 | B40: プレミアムユーザーとして、解約後も30日間はデータと設定を保持してほしい。なぜなら、再開したときにゼロからにならないから。 | C40: 3 | E40: 未着手
A41: F11 | B41: ユーザーとして、毎朝パーソナライズされたダイジェスト通知を受け取りたい。なぜなら、その日の自分に必要なセッションにすぐ辿り着きたいから。 | C41: 5 | E41: 未着手
A42: F12 | B42: 企業の人事担当として、従業員向けにまとめて契約・管理できる法人プランが欲しい。なぜなら、福利厚生としてメンタルヘルスを支援したいから。 | C42: 20 | E42: 未着手
... A46: F16 | B46: プレミアムを検討するユーザーとして、無料トライアル中に効果を可視化するレポートを見たい。なぜなら、続ける価値を実感してから課金したいから。 | C46: 5 | E46: 未着手
B47: 将来アイテム ポイント合計（参考） | C47: =SUM(C31:C46) -> 128

Sheet スプリント別ベロシティ
A1: スプリント別ベロシティ（完了ストーリーポイント）
A2: ※ プロダクトバックログの『完了スプリント』列から自動集計
A4: スプリント | B4: 完了ポイント（SP） | C4: 完了アイテム数
A5: Sprint 1 | B5: =SUMIF(プロダクトバックログ!$D$6:$D$27,1,プロダクトバックログ!$C$6:$C$27) -> 13 | C5: =COUNTIF(プロダクトバックログ!$D$6:$D$27,1) -> 2
A6: Sprint 2 | B6: =SUMIF(プロダクトバックログ!$D$6:$D$27,2,プロダクトバックログ!$C$6:$C$27) -> 13 | C6: =COUNTIF(プロダクトバックログ!$D$6:$D$27,2) -> 2
A7: Sprint 3 | B7: =SUMIF(プロダクトバックログ!$D$6:$D$27,3,プロダクトバックログ!$C$6:$C$27) -> 13 | C7: =COUNTIF(プロダクトバックログ!$D$6:$D$27,3) -> 2
A8: Sprint 4 | B8: =SUMIF(プロダクトバックログ!$D$6:$D$27,4,プロダクトバックログ!$C$6:$C$27) -> 8 | C8: =COUNTIF(プロダクトバックログ!$D$6:$D$27,4) -> 2
A9: Sprint 5 | B9: =SUMIF(プロダクトバックログ!$D$6:$D$27,5,プロダクトバックログ!$C$6:$C$27) -> 13 | C9: =COUNTIF(プロダクトバックログ!$D$6:$D$27,5) -> 2
A10: Sprint 6 | B10: =SUMIF(プロダクトバックログ!$D$6:$D$27,6,プロダクトバックログ!$C$6:$C$27) -> 8 | C10: =COUNTIF(プロダクトバックログ!$D$6:$D$27,6) -> 1
A11: Sprint 7 | B11: =SUMIF(プロダクトバックログ!$D$6:$D$27,7,プロダクトバックログ!$C$6:$C$27) -> 13 | C11: =COUNTIF(プロダクトバックログ!$D$6:$D$27,7) -> 2
A12: Sprint 8 | B12: =SUMIF(プロダクトバックログ!$D$6:$D$27,8,プロダクトバックログ!$C$6:$C$27) -> 5 | C12: =COUNTIF(プロダクトバックログ!$D$6:$D$27,8) -> 1
A13: Sprint 9 | B13: =SUMIF(プロダクトバックログ!$D$6:$D$27,9,プロダクトバックログ!$C$6:$C$27) -> 13 | C13: =COUNTIF(プロダクトバックログ!$D$6:$D$27,9) -> 2
A14: Sprint 10 | B14: =SUMIF(プロダクトバックログ!$D$6:$D$27,10,プロダクトバックログ!$C$6:$C$27) -> 21 | C14: =COUNTIF(プロダクトバックログ!$D$6:$D$27,10) -> 2
A15: Sprint 11 | B15: =SUMIF(プロダクトバックログ!$D$6:$D$27,11,プロダクトバックログ!$C$6:$C$27) -> 13 | C15: =COUNTIF(プロダクトバックログ!$D$6:$D$27,11) -> 2
A16: Sprint 12 | B16: =SUMIF(プロダクトバックログ!$D$6:$D$27,12,プロダクトバックログ!$C$6:$C$27) -> 8 | C16: =COUNTIF(プロダクトバックログ!$D$6:$D$27,12) -> 2
A17: 合計 | B17: =SUM(B5:B16) -> 141 | C17: =SUM(C5:C16) -> 22
A19: 平均ベロシティ | B19: =ROUND(AVERAGE(B5:B16),1) -> 11.8
